pred,actual
24878.3538511488,24879
24878.8152350457,24879
24884.3773780657,24879
24887.3417479624,24879
24896.4309241681,24891
24898.5950137408,24891
24909.8482795192,24903
24913.6657335256,24915
24918.6968089644,24915
