x,y,z,User,Model,Device,gt
3.9456444,0.08619126,8.954314,4,1,2,1
-5.947197,3.7541082,5.975927400000001,4,1,2,2
4.752456700000001,0.809906,8.521957,6,0,1,6
-1.991951,0.0,7.814577000000001,6,3,7,2
4.6227264,0.8598938,8.645736999999999,6,0,1,1
-2.8339539,0.9499054,10.366943,6,0,0,6
-1.225816,-1.53227,11.645252,8,3,6,3
0.24899697,-0.46926352,9.500193,0,1,3,1
-2.6469269,0.94558716,11.071335,3,0,1,0
-0.8810662,-0.05746084,9.56723,8,1,3,4
