x,y,z,User,Model,Device,gt
-0.000289917,-0.0010528564,0.0020599365,3,0,1,1
1.4644775,-0.37919617,0.26620483,4,0,1,0
0.020599365,0.11834717,-0.0003051757799999,0,0,0,0
-0.018020526,-0.002443461,0.0012217305,4,1,2,1
0.004928589,-0.0012817383,-0.0013427734,7,0,0,1
-0.7431175999999999,-0.4841107,0.86651236,4,1,2,6
0.7941437,0.054519653,0.12173462,5,0,0,0
-0.31948254,-0.7809911999999999,0.50793445,6,1,3,2
0.07727446,0.019242255,0.0870483,1,1,3,1
0.13028488,0.5162599,0.8158663,1,2,4,5
